model_name,auc,f1
mllib_lr,0.5785505960738264,0.4293339650258194
mllib_rf,0.6198778495392232,0.5383697268635622
mllib_gbt,0.5936648010109004,0.5502528047640551
mllib_rf_tuned,0.6205793850356113,0.5290215988663001
sklearn_lr,0.5718761697986074,0.6324607329842932
sklearn_rf,0.5819832297671632,0.5879396984924623
